,station_ID,Date,Time,Day,Month,Year,TC,TdC,Hr,ddd,ffkmh,Precmm,Prechrs,Nt,Nh,HKm,Viskm
2,63680,31/12/2021 06:00,06:00:00,31,12,2021,18,17.7,98,CAL,0,22.0/24h,24h,8,6,0.3,5
3,63680,30/12/2021 09:00,09:00:00,30,12,2021,23.8,18.9,74,CAL,0,0.0/3h,3h,7,4,0.6,7
4,63680,28/12/2021 09:00,09:00:00,28,12,2021,23.4,18.3,73,CAL,0,0.0/3h,3h,7,2,0.3,6
5,63680,28/12/2021 06:00,06:00:00,28,12,2021,23.4,18.3,73,CAL,0,0.0/24h,24h,7,2,0.3,6
6,63680,25/12/2021 12:00,12:00:00,25,12,2021,21.5,19.3,87,CAL,0,4.0/6h,6h,8,5,0.3,7
7,63680,25/12/2021 09:00,09:00:00,25,12,2021,26.5,18.9,63,NW,7.4,0.0/3h,3h,4,4,0.6,6
8,63680,25/12/2021 06:00,06:00:00,25,12,2021,26.5,18.9,63,NW,7.4,0.0/24h,24h,4,4,0.6,6
9,63680,24/12/2021 09:00,09:00:00,24,12,2021,27,18.9,59,CAL,0,0.0/3h,3h,4,4,0.6,9
10,63680,24/12/2021 06:00,06:00:00,24,12,2021,22.4,18.9,80,CAL,0,0.0/24h,24h,7,4,0.3,5
11,63680,22/12/2021 12:00,12:00:00,22,12,2021,28.5,18.9,51,SSE,7.4,0.0/6h,6h,5,5,0.6,10
12,63680,22/12/2021 09:00,09:00:00,22,12,2021,26.5,18.9,63,SSE,7.4,0.0/3h,3h,4,4,0.6,10
13,63680,22/12/2021 06:00,06:00:00,22,12,2021,26.5,18.9,63,SSE,7.4,0.0/24h,24h,4,4,0.6,10
14,63680,21/12/2021 12:00,12:00:00,21,12,2021,26,18.9,65,S,7.4,0.0/6h,6h,5,5,0.6,10
15,63680,21/12/2021 06:00,06:00:00,21,12,2021,22.5,18.9,80,CAL,0,0.0/24h,24h,6,2,0.3,5
16,63680,19/12/2021 12:00,12:00:00,19,12,2021,22,18.9,87,SSE,7.4,4.0/6h,6h,8,6,0.3,6
17,63680,19/12/2021 09:00,09:00:00,19,12,2021,23.5,18.9,80,CAL,0,0.0/3h,3h,7,5,0.6,8
18,63680,19/12/2021 06:00,06:00:00,19,12,2021,19.4,18.9,95,CAL,0,20.0/24h,24h,8,5,0.3,7
19,63680,18/12/2021 12:00,12:00:00,18,12,2021,20,18.9,98,SSE,14.8,0.0/6h,6h,8,6,0.3,6
20,63680,18/12/2021 06:00,06:00:00,18,12,2021,22,18.9,82,CAL,0,0.0/24h,24h,5,2,0.3,5
21,63680,10/12/2021 12:00,12:00:00,10,12,2021,26.4,18.9,63,S,7.4,0.0/6h,6h,5,5,0.6,10
22,63680,10/12/2021 09:00,09:00:00,10,12,2021,25,18.9,71,SSE,7.4,0.0/3h,3h,4,4,0.6,10
23,63680,10/12/2021 06:00,06:00:00,10,12,2021,20,18.9,93,CAL,0,3.0/24h,24h,7,5,0.3,5
24,63680,09/12/2021 09:00,09:00:00,9,12,2021,25.5,18.9,63,ESE,9.3,0.0/3h,3h,4,5,0.6,5
25,63680,09/12/2021 06:00,06:00:00,9,12,2021,26.4,18.9,60,SSE,3.7,0.0/24h,24h,5,5,0.6,9
26,63680,07/12/2021 12:00,12:00:00,7,12,2021,27,18.9,58,S,11.1,0.0/6h,6h,5,5,0.6,10
27,63680,07/12/2021 09:00,09:00:00,7,12,2021,26.3,18.9,59,CAL,0,0.0/3h,3h,2,2,0.6,9
28,63680,07/12/2021 06:00,06:00:00,7,12,2021,21.4,18.9,84,SSE,14.8,0.0/24h,24h,6,3,0.3,7
29,63680,06/12/2021 12:00,12:00:00,6,12,2021,27.6,18.9,55,S,7.4,0.0/6h,6h,4,4,0.6,10
30,63680,06/12/2021 09:00,09:00:00,6,12,2021,27.5,18.9,53,SSE,11.1,0.0/3h,3h,4,4,0.6,10
31,63680,06/12/2021 06:00,06:00:00,6,12,2021,21.5,18.9,87,CAL,0,0.0/24h,24h,5,2,0.3,4
32,63680,04/12/2021 12:00,12:00:00,4,12,2021,20,18.9,100,CAL,0,0.0/6h,6h,8,8,0.3,6
33,63680,04/12/2021 09:00,09:00:00,4,12,2021,26,18.9,63,SSE,7.4,0.0/3h,3h,6,6,0.6,10
34,63680,04/12/2021 06:00,06:00:00,4,12,2021,23.5,18.9,76,CAL,0,3.0/24h,24h,2,2,0.6,5
35,63680,03/12/2021 12:00,12:00:00,3,12,2021,25.6,18.9,63,SSE,7.4,0.0/6h,6h,6,6,0.6,9
36,63680,03/12/2021 09:00,09:00:00,3,12,2021,26.5,18.9,58,CAL,0,0.0/3h,3h,5,5,0.6,5
37,63680,03/12/2021 06:00,06:00:00,3,12,2021,21.4,18.9,88,NW,3.7,0.0/24h,24h,7,4,0.3,5
38,63680,01/12/2021 12:00,12:00:00,1,12,2021,23.6,18.9,68,E,3.7,0.3/6h,6h,7,4,0.6,9
39,63680,01/12/2021 06:00,06:00:00,1,12,2021,21.5,18.9,81,CAL,0,0.1/24h,24h,7,4,0.3,5
210,63680,30/11/2021 12:00,12:00:00,30,11,2021,26.4,18.9,61,S,7.4,0.0/6h,6h,4,4,0.6,10
310,63680,30/11/2021 09:00,09:00:00,30,11,2021,24.5,18.9,66,CAL,0,0.0/3h,3h,7,4,0.6,7
410,63680,30/11/2021 06:00,06:00:00,30,11,2021,21,18.9,91,CAL,0,NA,NA,7,4,0.3,5
57,63680,28/11/2021 12:00,12:00:00,28,11,2021,23.5,18.9,73,CAL,0,3.0/6h,6h,6,4,0.6,10
61,63680,28/11/2021 09:00,09:00:00,28,11,2021,24.2,18.9,75,CAL,0,0.0/3h,3h,7,4,0.6,6
71,63680,28/11/2021 06:00,06:00:00,28,11,2021,21,18.9,88,CAL,0,0.0/24h,24h,7,4,0.3,5
81,63680,27/11/2021 12:00,12:00:00,27,11,2021,26,18.9,55,SSE,7.4,0.0/6h,6h,4,4,0.6,10
91,63680,27/11/2021 09:00,09:00:00,27,11,2021,23.6,18.9,65,NW,3.7,0.0/3h,3h,4,2,0.6,10
101,63680,26/11/2021 12:00,12:00:00,26,11,2021,24.5,18.9,66,S,7.4,0.0/6h,6h,6,4,0.6,10
111,63680,26/11/2021 09:00,09:00:00,26,11,2021,22,18.9,80,W,3.7,0.2/3h,3h,7,5,0.3,8
121,63680,26/11/2021 06:00,06:00:00,26,11,2021,18,18.9,100,CAL,0,13.0/24h,24h,8,5,0.3,7
131,63680,25/11/2021 12:00,12:00:00,25,11,2021,29.2,18.9,50,E,7.4,0.0/6h,6h,5,5,0.6,10
141,63680,25/11/2021 09:00,09:00:00,25,11,2021,27.4,18.9,51,E,11.1,0.0/3h,3h,6,2,0.6,10
151,63680,25/11/2021 06:00,06:00:00,25,11,2021,22.4,18.9,72,CAL,0,0.0/24h,24h,2,2,0.3,5
161,63680,24/11/2021 12:00,12:00:00,24,11,2021,27.5,18.9,55,CAL,0,0.0/6h,6h,4,4,0.6,8
171,63680,24/11/2021 09:00,09:00:00,24,11,2021,26,18.9,58,NNE,3.7,0.0/3h,3h,6,4,0.6,7
181,63680,24/11/2021 06:00,06:00:00,24,11,2021,21.5,18.9,79,CAL,0,0.4/24h,24h,6,2,0.3,4
191,63680,23/11/2021 12:00,12:00:00,23,11,2021,29.5,18.9,46,NE,3.7,0.0/6h,6h,5,5,0.6,10
201,63680,23/11/2021 09:00,09:00:00,23,11,2021,27.5,18.9,60,ENE,3.7,0.0/3h,3h,4,4,0.6,9
211,63680,23/11/2021 06:00,06:00:00,23,11,2021,21.8,18.9,81,CAL,0,4.0/24h,24h,2,2,0.3,4
221,63680,22/11/2021 09:00,09:00:00,22,11,2021,25.2,18.9,62,W,7.4,0.0/3h,3h,4,4,0.6,10
231,63680,22/11/2021 06:00,06:00:00,22,11,2021,19.5,18.9,91,CAL,0,18.0/24h,24h,7,4,0.3,6
241,63680,21/11/2021 12:00,12:00:00,21,11,2021,24,18.9,67,SSE,5.6,0.0/6h,6h,5,5,0.6,10
251,63680,21/11/2021 06:00,06:00:00,21,11,2021,20.5,18.9,87,CAL,0,0.3/24h,24h,7,4,0.3,7
261,63680,20/11/2021 06:00,06:00:00,20,11,2021,19.5,18.9,96,WNW,7.2,0.5/24h,24h,7,4,0.3,5
271,63680,19/11/2021 06:00,06:00:00,19,11,2021,26,18.9,63,CAL,0,0.0/24h,24h,4,4,0.6,9
281,63680,18/11/2021 12:00,12:00:00,18,11,2021,26.2,18.9,62,CAL,0,0.0/6h,6h,4,4,0.6,9
291,63680,18/11/2021 09:00,09:00:00,18,11,2021,25,18.9,63,W,3.7,0.0/3h,3h,4,4,0.6,9
301,63680,18/11/2021 06:00,06:00:00,18,11,2021,20,18.9,87,W,7.4,0.1/24h,24h,7,4,0.3,7
311,63680,17/11/2021 09:00,09:00:00,17,11,2021,26.5,18.9,55,S,7.4,0.0/3h,3h,4,4,0.6,10
321,63680,17/11/2021 06:00,06:00:00,17,11,2021,21,18.9,80,CAL,0,12.0/24h,24h,2,2,0.3,5
331,63680,15/11/2021 12:00,12:00:00,15,11,2021,28.8,18.9,53,S,11.1,0.0/6h,6h,3,3,0.6,10
341,63680,15/11/2021 09:00,09:00:00,15,11,2021,27.5,18.9,55,E,7.4,0.0/3h,3h,4,4,0.6,10
351,63680,14/11/2021 09:00,09:00:00,14,11,2021,28,18.9,52,E,3.7,0.0/3h,3h,2,2,0.6,10
361,63680,14/11/2021 06:00,06:00:00,14,11,2021,23,18.9,76,CAL,0,Tr/24h,24h,2,2,0.6,5
371,63680,13/11/2021 12:00,12:00:00,13,11,2021,27,18.9,57,CAL,0,0.0/6h,6h,4,4,0.6,9
381,63680,13/11/2021 09:00,09:00:00,13,11,2021,27,18.9,59,CAL,0,0.0/3h,3h,4,4,0.6,9
391,63680,13/11/2021 06:00,06:00:00,13,11,2021,27,18.9,57,CAL,0,0.0/24h,24h,4,4,0.6,9
40,63680,12/11/2021 12:00,12:00:00,12,11,2021,28.4,18.9,48,S,7.4,0.0/6h,6h,4,4,0.6,10
41,63680,12/11/2021 09:00,09:00:00,12,11,2021,26,18.9,61,S,3.7,0.0/3h,3h,4,4,0.6,7
42,63680,12/11/2021 06:00,06:00:00,12,11,2021,22,18.9,82,CAL,0,0.0/24h,24h,4,4,0.3,5
43,63680,11/11/2021 06:00,06:00:00,11,11,2021,22,18.9,82,CAL,0,0.0/24h,24h,4,4,0.3,5
44,63680,10/11/2021 09:00,09:00:00,10,11,2021,28.2,18.9,51,E,7.4,0.0/3h,3h,2,2,0.6,10
45,63680,10/11/2021 06:00,06:00:00,10,11,2021,23.4,18.9,72,ENE,14.4,0.3/24h,24h,4,2,0.6,8
46,63680,09/11/2021 12:00,12:00:00,9,11,2021,27.5,18.9,55,CAL,0,0.0/6h,6h,6,6,0.6,9
47,63680,09/11/2021 09:00,09:00:00,9,11,2021,27.5,18.9,51,S,3.7,0.0/3h,3h,2,2,0.6,9
48,63680,09/11/2021 06:00,06:00:00,9,11,2021,22.5,18.9,80,CAL,0,0.1/24h,24h,4,2,0.6,8
49,63680,07/11/2021 09:00,09:00:00,7,11,2021,27,18.9,56,CAL,0,0.0/3h,3h,4,4,0.6,10
50,63680,07/11/2021 06:00,06:00:00,7,11,2021,21.5,18.9,79,CAL,0,0.1/24h,24h,5,2,0.3,8
51,63680,06/11/2021 06:00,06:00:00,6,11,2021,20.5,18.9,91,CAL,0,0.0/24h,24h,7,4,0.3,4
52,63680,05/11/2021 12:00,12:00:00,5,11,2021,24.5,18.9,66,S,3.7,0.0/6h,6h,7,4,0.6,10
53,63680,05/11/2021 09:00,09:00:00,5,11,2021,23,18.9,73,E,5.6,0.0/3h,3h,7,4,0.3,8
54,63680,05/11/2021 06:00,06:00:00,5,11,2021,19,18.9,95,CAL,0,66.0/24h,24h,7,5,0.3,6
55,63680,01/11/2021 12:00,12:00:00,1,11,2021,24.8,18.9,65,CAL,0,0.0/6h,6h,5,5,0.6,10
56,63680,01/11/2021 06:00,06:00:00,1,11,2021,22.8,18.9,81,CAL,0,0.0/24h,24h,7,4,0.3,5
212,63680,31/10/2021 12:00,12:00:00,31,10,2021,29,18.9,46,ENE,11.1,0.0/6h,6h,4,4,0.6,10
312,63680,31/10/2021 09:00,09:00:00,31,10,2021,27.2,18.9,53,NNW,7.4,0.0/3h,3h,4,4,0.6,10
411,63680,31/10/2021 06:00,06:00:00,31,10,2021,21.4,18.9,84,CAL,0,0.0/24h,24h,7,4,0.3,7
58,63680,30/10/2021 12:00,12:00:00,30,10,2021,28,18.9,53,NNW,11.1,0.0/6h,6h,4,4,0.6,10
62,63680,30/10/2021 09:00,09:00:00,30,10,2021,26.2,18.9,57,NNE,7.4,0.0/3h,3h,5,4,0.6,10
72,63680,30/10/2021 06:00,06:00:00,30,10,2021,22.5,18.9,80,NW,7.4,0.1/24h,24h,2,2,0.3,5
82,63680,29/10/2021 12:00,12:00:00,29,10,2021,26,18.9,63,S,7.4,0.1/6h,6h,5,5,0.6,10
92,63680,29/10/2021 09:00,09:00:00,29,10,2021,27,18.9,53,W,3.7,0.0/3h,3h,5,5,0.6,10
102,63680,28/10/2021 12:00,12:00:00,28,10,2021,26.5,18.9,55,NE,3.7,0.0/6h,6h,4,4,0.6,10
112,63680,28/10/2021 09:00,09:00:00,28,10,2021,22,18.9,80,CAL,0,1.0/3h,3h,7,4,0.3,8
122,63680,28/10/2021 06:00,06:00:00,28,10,2021,20,18.9,91,CAL,0,12.0/24h,24h,7,4,0.3,7
132,63680,27/10/2021 12:00,12:00:00,27,10,2021,26,18.9,58,CAL,0,0.0/6h,6h,6,6,0.6,10
142,63680,27/10/2021 06:00,06:00:00,27,10,2021,22.5,18.9,77,CAL,0,0.0/24h,24h,2,2,0.6,5
152,63680,26/10/2021 12:00,12:00:00,26,10,2021,28.2,18.9,52,S,3.7,0.0/6h,6h,4,4,0.6,10
162,63680,26/10/2021 09:00,09:00:00,26,10,2021,26.5,18.9,55,SSE,3.7,0.0/3h,3h,6,2,0.6,10
172,63680,25/10/2021 12:00,12:00:00,25,10,2021,26,18.9,63,S,7.4,0.0/6h,6h,6,4,0.6,10
182,63680,23/10/2021 09:00,09:00:00,23,10,2021,27.5,18.9,61,NE,5.6,0.0/3h,3h,4,4,0.6,9
192,63680,23/10/2021 06:00,06:00:00,23,10,2021,21.5,18.9,86,WNW,7.4,0.9/24h,24h,2,2,0.3,5
202,63680,22/10/2021 12:00,12:00:00,22,10,2021,23.5,18.9,74,CAL,0,0.9/6h,6h,7,5,0.6,8
213,63680,22/10/2021 09:00,09:00:00,22,10,2021,25,18.9,69,CAL,0,0.0/3h,3h,4,4,0.6,7
222,63680,22/10/2021 06:00,06:00:00,22,10,2021,21.2,18.9,89,CAL,0,39.0/24h,24h,6,4,0.3,5
232,63680,19/10/2021 12:00,12:00:00,19,10,2021,26,18.9,62,SSE,7.4,0.0/6h,6h,4,4,0.6,10
242,63680,19/10/2021 09:00,09:00:00,19,10,2021,23.5,18.9,71,CAL,0,0.0/3h,3h,7,4,0.6,9
252,63680,17/10/2021 12:00,12:00:00,17,10,2021,24.8,18.9,61,S,3.7,0.0/6h,6h,6,3,0.6,10
262,63680,17/10/2021 09:00,09:00:00,17,10,2021,21,18.9,83,SSE,7.4,Tr/3h,3h,7,5,0.3,10
272,63680,16/10/2021 12:00,12:00:00,16,10,2021,26.5,18.9,61,NNW,3.7,0.0/6h,6h,4,4,0.6,10
282,63680,16/10/2021 09:00,09:00:00,16,10,2021,24,18.9,69,CAL,0,0.0/3h,3h,7,4,0.6,8
292,63680,16/10/2021 06:00,06:00:00,16,10,2021,20.4,18.9,91,CAL,0,1.0/24h,24h,7,5,0.3,6
302,63680,14/10/2021 12:00,12:00:00,14,10,2021,28.5,18.9,49,CAL,0,0.0/6h,6h,4,4,0.6,20
313,63680,14/10/2021 09:00,09:00:00,14,10,2021,27.8,18.9,56,ENE,7.4,0.0/3h,3h,3,3,0.6,10
322,63680,14/10/2021 06:00,06:00:00,14,10,2021,23.4,18.9,76,CAL,0,0.0/24h,24h,2,2,0.6,5
332,63680,13/10/2021 12:00,12:00:00,13,10,2021,26.5,18.9,58,CAL,0,0.0/6h,6h,6,6,0.6,10
342,63680,13/10/2021 09:00,09:00:00,13,10,2021,25.5,18.9,66,E,3.7,0.0/3h,3h,4,4,0.6,10
352,63680,10/10/2021 12:00,12:00:00,10,10,2021,29,18.9,52,ENE,7.4,0.0/6h,6h,4,4,0.6,20
362,63680,10/10/2021 09:00,09:00:00,10,10,2021,27.5,18.9,52,CAL,0,0.0/3h,3h,2,2,0.6,10
372,63680,10/10/2021 06:00,06:00:00,10,10,2021,22.5,18.9,83,NNE,7.4,0.0/24h,24h,2,2,0.3,7
382,63680,07/10/2021 12:00,12:00:00,7,10,2021,25.5,18.9,60,S,5.6,0.0/6h,6h,6,4,0.6,10
392,63680,07/10/2021 06:00,06:00:00,7,10,2021,20.5,18.9,91,CAL,0,0.0/24h,24h,7,4,0.3,6
401,63680,05/10/2021 09:00,09:00:00,5,10,2021,19,18.9,96,CAL,0,NA,NA,8,6,0.6,6
412,63680,05/10/2021 06:00,06:00:00,5,10,2021,20.8,18.9,85,CAL,0,6.0/24h,24h,7,5,0.3,7
421,63680,04/10/2021 12:00,12:00:00,4,10,2021,22,18.9,86,CAL,0,2.0/6h,6h,7,5,0.3,7
431,63680,04/10/2021 09:00,09:00:00,4,10,2021,26,18.9,63,NNE,11.1,0.0/3h,3h,4,4,0.6,10
441,63680,01/10/2021 12:00,12:00:00,1,10,2021,19.5,18.9,96,CAL,0,70.0/6h,6h,8,5,0.3,6
451,63680,01/10/2021 09:00,09:00:00,1,10,2021,20,18.9,96,CAL,0,3.0/3h,3h,8,5,0.3,6
461,63680,01/10/2021 06:00,06:00:00,1,10,2021,22.5,18.9,74,CAL,0,0.0/24h,24h,4,4,0.3,4
214,63680,30/09/2021 12:00,12:00:00,30,9,2021,26.5,18.9,61,CAL,0,0.0/6h,6h,6,4,0.6,10
314,63680,30/09/2021 06:00,06:00:00,30,9,2021,18.4,18.9,94,CAL,0,0.3/24h,24h,8,6,0.3,8
413,63680,29/09/2021 12:00,12:00:00,29,9,2021,30,18.9,49,CAL,0,0.0/6h,6h,4,4,0.6,10
59,63680,29/09/2021 06:00,06:00:00,29,9,2021,22.6,18.9,79,ENE,7.4,0.0/24h,24h,3,3,0.3,5
63,63680,28/09/2021 12:00,12:00:00,28,9,2021,27.8,18.9,57,CAL,0,0.0/6h,6h,4,4,0.6,10
73,63680,27/09/2021 09:00,09:00:00,27,9,2021,25.5,18.9,60,N,5.6,0.0/3h,3h,7,7,0.6,10
83,63680,26/09/2021 09:00,09:00:00,26,9,2021,27,18.9,53,NNE,11.1,0.0/3h,3h,4,4,0.6,10
93,63680,26/09/2021 06:00,06:00:00,26,9,2021,21.5,18.9,79,E,5.6,2.0/24h,24h,4,2,0.3,8
103,63680,23/09/2021 09:00,09:00:00,23,9,2021,26,18.9,62,SSE,7.4,0.0/3h,3h,5,5,0.6,10
113,63680,23/09/2021 06:00,06:00:00,23,9,2021,22.5,18.9,76,CAL,0,0.0/24h,24h,4,2,0.3,6
123,63680,22/09/2021 12:00,12:00:00,22,9,2021,25.5,18.9,59,SSE,7.4,0.0/6h,6h,4,4,0.6,10
133,63680,22/09/2021 06:00,06:00:00,22,9,2021,19.6,18.9,89,CAL,0,66.0/24h,24h,8,6,0.3,5
143,63680,21/09/2021 12:00,12:00:00,21,9,2021,26,18.9,58,CAL,0,0.0/6h,6h,7,5,0.6,9
153,63680,21/09/2021 09:00,09:00:00,21,9,2021,26.5,18.9,55,ENE,7.4,0.0/3h,3h,2,2,0.6,10
163,63680,21/09/2021 06:00,06:00:00,21,9,2021,21,18.9,79,CAL,0,0.1/24h,24h,2,2,0.3,7
173,63680,20/09/2021 09:00,09:00:00,20,9,2021,24.6,18.9,69,CAL,0,0.1/3h,3h,6,4,0.6,10
183,63680,20/09/2021 06:00,06:00:00,20,9,2021,20,18.9,91,CAL,0,0.7/24h,24h,7,5,0.3,6
193,63680,18/09/2021 12:00,12:00:00,18,9,2021,18.4,18.9,92,CAL,0,3.0/6h,6h,8,6,0.3,9
203,63680,14/09/2021 12:00,12:00:00,14,9,2021,25.6,18.9,62,CAL,0,0.0/6h,6h,5,5,0.6,10
215,63680,14/09/2021 09:00,09:00:00,14,9,2021,26,18.9,58,WNW,3.7,0.0/3h,3h,4,4,0.6,9
223,63680,14/09/2021 06:00,06:00:00,14,9,2021,20.5,18.9,87,CAL,0,Tr/24h,24h,7,5,0.3,5
233,63680,13/09/2021 12:00,12:00:00,13,9,2021,27.4,18.9,53,S,7.4,0.0/6h,6h,4,4,0.6,10
243,63680,13/09/2021 09:00,09:00:00,13,9,2021,25.4,18.9,64,SSE,7.4,0.0/3h,3h,5,5,0.6,9
253,63680,13/09/2021 06:00,06:00:00,13,9,2021,21.6,18.9,78,CAL,0,0.0/24h,24h,6,4,0.3,5
263,63680,11/09/2021 06:00,06:00:00,11,9,2021,21,18.9,83,SSE,14.4,0.0/24h,24h,7,7,0.3,8
273,63680,09/09/2021 12:00,12:00:00,9,9,2021,25.5,18.9,60,W,13,0.0/6h,6h,4,4,0.6,10
283,63680,09/09/2021 09:00,09:00:00,9,9,2021,23.5,18.9,66,CAL,0,0.0/3h,3h,7,6,0.6,8
293,63680,05/09/2021 12:00,12:00:00,5,9,2021,26,18.9,58,WNW,7.4,0.0/6h,6h,6,6,0.6,10
303,63680,05/09/2021 09:00,09:00:00,5,9,2021,24.5,18.9,66,CAL,0,0.0/3h,3h,4,4,0.6,10
315,63680,03/09/2021 06:00,06:00:00,3,9,2021,19.4,18.9,93,CAL,0,3.0/24h,24h,8,5,0.3,5
323,63680,02/09/2021 12:00,12:00:00,2,9,2021,26.2,18.9,60,S,11.1,0.0/6h,6h,7,5,0.6,10
333,63680,02/09/2021 09:00,09:00:00,2,9,2021,26,18.9,55,SSE,7.4,0.0/3h,3h,4,4,0.6,10
216,63680,31/08/2021 12:00,12:00:00,31,8,2021,27.8,18.9,54,NNW,7.4,0.0/6h,6h,4,4,0.6,9
316,63680,31/08/2021 09:00,09:00:00,31,8,2021,24.4,18.9,68,E,5.6,0.0/3h,3h,4,4,0.6,6
414,63680,31/08/2021 06:00,06:00:00,31,8,2021,21,18.9,87,CAL,0,0.0/24h,24h,7,4,0.3,5
510,63680,30/08/2021 09:00,09:00:00,30,8,2021,25.6,18.9,61,WNW,11.1,0.0/3h,3h,2,2,0.6,7
64,63680,30/08/2021 06:00,06:00:00,30,8,2021,20,18.9,89,NW,7.4,0.0/24h,24h,7,4,0.3,5
74,63680,23/08/2021 12:00,12:00:00,23,8,2021,26.5,18.9,57,S,7.4,0.0/6h,6h,3,3,0.6,10
84,63680,23/08/2021 09:00,09:00:00,23,8,2021,26,18.9,57,S,11.1,0.0/3h,3h,2,2,0.6,10
94,63680,23/08/2021 06:00,06:00:00,23,8,2021,20.5,18.9,83,CAL,0,0.7/24h,24h,2,2,0.3,5
104,63680,19/08/2021 12:00,12:00:00,19,8,2021,25,18.9,66,S,11.1,0.1/6h,6h,5,5,0.6,10
114,63680,19/08/2021 09:00,09:00:00,19,8,2021,26,18.9,63,CAL,0,0.0/3h,3h,4,4,0.6,7
124,63680,18/08/2021 12:00,12:00:00,18,8,2021,25.4,18.9,58,CAL,0,0.3/6h,6h,4,4,0.3,10
134,63680,18/08/2021 06:00,06:00:00,18,8,2021,21.2,18.9,86,CAL,0,0.0/24h,24h,7,4,0.3,5
144,63680,15/08/2021 12:00,12:00:00,15,8,2021,25.5,18.9,55,S,7.4,0.0/6h,6h,6,4,0.6,10
154,63680,15/08/2021 09:00,09:00:00,15,8,2021,20.6,18.9,86,CAL,0,1.0/3h,3h,7,4,0.3,7
164,63680,15/08/2021 06:00,06:00:00,15,8,2021,18,18.9,98,CAL,0,4.0/24h,24h,8,6,0.3,5
174,63680,11/08/2021 09:00,09:00:00,11,8,2021,25,18.9,60,W,7.4,0.0/3h,3h,4,4,0.6,9
184,63680,11/08/2021 06:00,06:00:00,11,8,2021,20.5,18.9,83,WNW,7.4,0.0/24h,24h,2,2,0.3,3
194,63680,09/08/2021 12:00,12:00:00,9,8,2021,26.5,18.9,61,E,5.6,0.0/6h,6h,6,6,0.6,10
204,63680,08/08/2021 12:00,12:00:00,8,8,2021,28.4,18.9,49,CAL,0,0.0/6h,6h,4,4,0.6,10
217,63680,08/08/2021 06:00,06:00:00,8,8,2021,20.5,18.9,82,NW,5.6,Tr/24h,24h,2,2,0.3,4
224,63680,07/08/2021 12:00,12:00:00,7,8,2021,26.2,18.9,57,SSE,7.4,Tr/6h,6h,4,4,0.6,9
234,63680,07/08/2021 09:00,09:00:00,7,8,2021,26,18.9,58,W,3.7,0.0/3h,3h,4,4,0.6,5
244,63680,07/08/2021 06:00,06:00:00,7,8,2021,21.2,18.9,74,CAL,0,Tr/24h,24h,2,2,0.3,3
254,63680,03/08/2021 12:00,12:00:00,3,8,2021,27,18.9,52,S,11.1,0.0/6h,6h,4,4,0.6,9
264,63680,03/08/2021 09:00,09:00:00,3,8,2021,25,18.9,55,CAL,0,0.0/3h,3h,2,2,0.6,7
218,63680,31/07/2021 06:00,06:00:00,31,7,2021,23,18.9,72,E,14.4,0.0/24h,24h,3,3,0.6,4
317,63680,30/07/2021 12:00,12:00:00,30,7,2021,25.8,18.9,56,SSE,9.3,0.0/6h,6h,2,2,0.6,10
415,63680,30/07/2021 09:00,09:00:00,30,7,2021,24.8,18.9,65,S,7.4,0.0/3h,3h,5,5,0.6,9
511,63680,29/07/2021 06:00,06:00:00,29,7,2021,21,18.9,74,WNW,5.6,0.0/24h,24h,3,3,0.3,3
65,63680,27/07/2021 08:00,08:00:00,27,7,2021,21,18.9,74,WNW,5.6,0.0/3h,3h,3,3,0.3,3
75,63680,26/07/2021 12:00,12:00:00,26,7,2021,24.5,18.9,55,SSE,14.8,0.0/6h,6h,4,4,0.6,10
85,63680,26/07/2021 06:00,06:00:00,26,7,2021,22.4,18.9,70,S,28.8,0.0/24h,24h,4,2,0.3,9
95,63680,25/07/2021 09:00,09:00:00,25,7,2021,25.2,18.9,59,S,14.8,0.0/3h,3h,3,3,0.6,10
105,63680,25/07/2021 06:00,06:00:00,25,7,2021,23,18.9,69,SSE,18,0.0/24h,24h,4,2,0.6,8
115,63680,24/07/2021 09:00,09:00:00,24,7,2021,25,18.9,52,ESE,14.8,0.0/3h,3h,4,4,0.6,10
125,63680,24/07/2021 06:00,06:00:00,24,7,2021,22,18.9,75,CAL,0,0.0/24h,24h,4,4,0.6,6
135,63680,23/07/2021 09:00,09:00:00,23,7,2021,26.2,18.9,52,SSE,7.4,0.0/3h,3h,3,3,0.6,10
145,63680,19/07/2021 12:00,12:00:00,19,7,2021,27,18.9,40,E,5.6,0.0/6h,6h,3,3,0.6,20
155,63680,19/07/2021 09:00,09:00:00,19,7,2021,26,18.9,44,S,11.1,0.0/3h,3h,4,3,0.6,20
165,63680,18/07/2021 12:00,12:00:00,18,7,2021,25.2,18.9,45,SSE,5.6,0.0/6h,6h,4,4,0.6,10
175,63680,18/07/2021 09:00,09:00:00,18,7,2021,25,18.9,52,SSE,9.3,0.0/3h,3h,4,4,0.6,10
185,63680,17/07/2021 12:00,12:00:00,17,7,2021,25.2,18.9,42,E,9.3,0.0/6h,6h,3,3,0.6,10
195,63680,17/07/2021 06:00,06:00:00,17,7,2021,19.4,18.9,84,CAL,0,7.0/24h,24h,2,2,0.3,3
205,63680,14/07/2021 09:00,09:00:00,14,7,2021,23,18.9,61,CAL,0,0.0/3h,3h,6,5,0.6,9
219,63680,13/07/2021 09:00,09:00:00,13,7,2021,25,18.9,63,CAL,0,0.0/3h,3h,7,4,0.6,9
225,63680,10/07/2021 09:00,09:00:00,10,7,2021,24.2,18.9,70,WSW,5.6,0.0/3h,3h,7,6,0.6,10
235,63680,09/07/2021 09:00,09:00:00,9,7,2021,23,18.9,77,S,5.6,0.0/3h,3h,6,6,0.6,10
245,63680,05/07/2021 12:00,12:00:00,5,7,2021,26.5,18.9,52,SSE,5.6,0.0/6h,6h,5,3,0.6,10
255,63680,03/07/2021 06:00,06:00:00,3,7,2021,20.5,18.9,96,CAL,0,0.5/24h,24h,3,3,0.3,3
220,63680,29/06/2021 12:00,12:00:00,29,6,2021,25.5,18.9,71,S,11.1,0.0/6h,6h,5,4,0.6,10
318,63680,29/06/2021 06:00,06:00:00,29,6,2021,25,18.9,66,SSE,11.1,0.0/24h,24h,4,4,0.6,9
416,63680,28/06/2021 12:00,12:00:00,28,6,2021,25,18.9,69,SSE,11.1,0.0/6h,6h,7,4,0.6,10
512,63680,28/06/2021 09:00,09:00:00,28,6,2021,25.5,18.9,71,E,5.6,0.0/3h,3h,4,4,0.6,9
66,63680,28/06/2021 06:00,06:00:00,28,6,2021,21.2,18.9,88,CAL,0,0.0/24h,24h,7,4,0.3,4
76,63680,27/06/2021 12:00,12:00:00,27,6,2021,27.8,18.9,47,SSE,9.3,0.0/6h,6h,3,3,0.6,10
86,63680,25/06/2021 12:00,12:00:00,25,6,2021,26,18.9,70,S,9.3,0.0/6h,6h,5,4,0.6,10
96,63680,25/06/2021 09:00,09:00:00,25,6,2021,24.5,18.9,74,W,5.6,0.0/3h,3h,3,3,0.6,9
106,63680,24/06/2021 12:00,12:00:00,24,6,2021,27.4,18.9,55,SSE,5.6,0.0/6h,6h,3,3,0.6,10
116,63680,24/06/2021 09:00,09:00:00,24,6,2021,25.5,18.9,70,SSE,7.4,0.0/3h,3h,5,5,0.6,10
126,63680,18/06/2021 15:00,15:00:00,18,6,2021,22.5,18.9,80,CAL,0,0.0/3h,3h,7,5,0.3,9
136,63680,18/06/2021 12:00,12:00:00,18,6,2021,24.5,18.9,71,CAL,0,0.0/6h,6h,6,6,0.6,9
146,63680,18/06/2021 09:00,09:00:00,18,6,2021,22.6,18.9,79,CAL,0,0.0/3h,3h,7,4,0.3,7
156,63680,18/06/2021 06:00,06:00:00,18,6,2021,18.5,18.9,100,CAL,0,5.0/24h,24h,8,5,0.3,5
166,63680,17/06/2021 12:00,12:00:00,17,6,2021,26.5,18.9,67,CAL,0,0.0/6h,6h,4,4,0.6,8
176,63680,15/06/2021 12:00,12:00:00,15,6,2021,24.5,18.9,66,CAL,0,0.0/6h,6h,7,5,0.6,8
186,63680,14/06/2021 15:00,15:00:00,14,6,2021,24.5,18.9,66,S,7.4,0.0/3h,3h,5,2,0.6,10
196,63680,13/06/2021 15:00,15:00:00,13,6,2021,24.5,18.9,66,SSE,11.1,0.0/3h,3h,2,2,0.6,10
206,63680,13/06/2021 09:00,09:00:00,13,6,2021,26.4,18.9,62,SSE,14.8,0.0/3h,3h,3,3,0.6,9
2110,63680,12/06/2021 15:00,15:00:00,12,6,2021,25.2,18.9,63,SE,7.4,0.0/3h,3h,2,2,0.6,10
226,63680,12/06/2021 12:00,12:00:00,12,6,2021,26,18.9,63,SSE,14.8,0.0/6h,6h,5,5,0.6,10
236,63680,12/06/2021 09:00,09:00:00,12,6,2021,27,18.9,58,S,11.1,0.0/3h,3h,4,4,0.6,9
246,63680,12/06/2021 06:00,06:00:00,12,6,2021,24,18.9,76,S,5.6,0.0/24h,24h,2,2,0.6,4
256,63680,11/06/2021 12:00,12:00:00,11,6,2021,26,18.9,63,S,14.8,0.0/6h,6h,2,2,0.6,9
265,63680,11/06/2021 09:00,09:00:00,11,6,2021,26,18.9,70,E,13,0.0/3h,3h,4,4,0.6,10
274,63680,11/06/2021 06:00,06:00:00,11,6,2021,22.8,18.9,82,CAL,0,0.0/24h,24h,2,2,0.6,6
284,63680,10/06/2021 15:00,15:00:00,10,6,2021,24.8,18.9,69,SSE,7.4,0.0/3h,3h,2,2,0.6,10
294,63680,09/06/2021 12:00,12:00:00,9,6,2021,26.5,18.9,63,SSE,7.4,0.0/6h,6h,2,2,0.6,10
304,63680,09/06/2021 09:00,09:00:00,9,6,2021,25.5,18.9,66,SE,11.1,0.0/3h,3h,3,3,0.6,10
319,63680,09/06/2021 06:00,06:00:00,9,6,2021,23,18.9,80,CAL,0,0.0/24h,24h,2,2,0.6,5
324,63680,08/06/2021 12:00,12:00:00,8,6,2021,25.5,18.9,66,S,14.8,0.0/6h,6h,2,2,0.6,10
334,63680,08/06/2021 09:00,09:00:00,8,6,2021,25,18.9,69,ESE,7.4,0.0/3h,3h,5,5,0.6,10
343,63680,08/06/2021 06:00,06:00:00,8,6,2021,21.6,18.9,89,CAL,0,0.0/24h,24h,2,2,0.3,5
353,63680,07/06/2021 06:00,06:00:00,7,6,2021,23,18.9,80,CAL,0,22.0/24h,24h,2,2,0.6,4
363,63680,06/06/2021 12:00,12:00:00,6,6,2021,24.4,18.9,73,SSE,7.4,18.0/24h,24h,5,2,0.6,10
373,63680,06/06/2021 09:00,09:00:00,6,6,2021,17.6,18.9,100,CAL,0,4.0/3h,3h,8,6,0.3,7
383,63680,05/06/2021 15:00,15:00:00,5,6,2021,25.6,18.9,67,CAL,0,0.0/3h,3h,4,4,0.6,10
393,63680,05/06/2021 06:00,06:00:00,5,6,2021,21.2,18.9,94,CAL,0,0.0/24h,24h,7,4,0.3,3
402,63680,04/06/2021 12:00,12:00:00,4,6,2021,26,18.9,67,SE,3.7,0.0/6h,6h,4,4,0.6,10
417,63680,04/06/2021 09:00,09:00:00,4,6,2021,26,18.9,73,SSE,3.7,0.0/3h,3h,6,6,0.6,10
422,63680,04/06/2021 06:00,06:00:00,4,6,2021,23.4,18.9,80,CAL,0,0.0/24h,24h,6,3,0.6,4
432,63680,03/06/2021 09:00,09:00:00,3,6,2021,25.2,18.9,69,SSE,7.4,0.0/3h,3h,5,5,0.6,5
442,63680,03/06/2021 06:00,06:00:00,3,6,2021,21,18.9,91,CAL,0,0.0/24h,24h,7,4,0.3,3
452,63680,01/06/2021 06:00,06:00:00,1,6,2021,23.8,18.9,79,S,7.4,0.0/24h,24h,4,4,0.6,5
227,63680,31/05/2021 12:00,12:00:00,31,5,2021,27.5,18.9,61,SSE,11.1,0.0/6h,6h,4,4,0.6,10
320,63680,30/05/2021 12:00,12:00:00,30,5,2021,24.5,18.9,74,ESE,7.4,1.0/6h,6h,7,5,0.6,10
418,63680,30/05/2021 09:00,09:00:00,30,5,2021,21.2,18.9,91,SSE,9.3,0.0/3h,3h,7,5,0.3,8
513,63680,30/05/2021 08:00,08:00:00,30,5,2021,21.2,18.9,91,SSE,9.3,0.0/3h,3h,7,5,0.3,8
67,63680,30/05/2021 06:00,06:00:00,30,5,2021,22.4,18.9,88,CAL,0,Tr/24h,24h,7,5,0.3,5
77,63680,28/05/2021 15:00,15:00:00,28,5,2021,25.2,18.9,68,CAL,0,0.0/3h,3h,2,2,0.6,10
87,63680,28/05/2021 12:00,12:00:00,28,5,2021,27.4,18.9,58,S,7.4,0.0/6h,6h,3,3,0.6,10
97,63680,28/05/2021 09:00,09:00:00,28,5,2021,24,18.9,76,ESE,11.1,0.0/3h,3h,5,5,0.6,8
107,63680,27/05/2021 12:00,12:00:00,27,5,2021,26.5,18.9,61,CAL,9.3,0.0/6h,6h,2,2,0.6,10
117,63680,27/05/2021 09:00,09:00:00,27,5,2021,26,18.9,63,E,14.8,0.0/3h,3h,4,4,0.6,10
127,63680,26/05/2021 12:00,12:00:00,26,5,2021,27,18.9,58,SSE,9.3,0.0/6h,6h,3,3,0.6,10
137,63680,26/05/2021 09:00,09:00:00,26,5,2021,22.5,18.9,87,CAL,0,0.0/3h,3h,7,5,0.3,7
147,63680,26/05/2021 06:00,06:00:00,26,5,2021,23.4,18.9,80,CAL,0,0.0/24h,24h,2,2,0.6,5
157,63680,23/05/2021 12:00,12:00:00,23,5,2021,26.5,18.9,63,SSE,7.4,0.0/6h,6h,5,5,0.6,10
167,63680,23/05/2021 09:00,09:00:00,23,5,2021,24.5,18.9,76,CAL,0,0.0/3h,3h,4,4,0.6,8
177,63680,23/05/2021 06:00,06:00:00,23,5,2021,21.6,18.9,89,W,7.4,22.0/24h,24h,7,5,0.3,5
187,63680,22/05/2021 09:00,09:00:00,22,5,2021,26.5,18.9,67,S,7.4,0.0/3h,3h,5,6,0.6,9
197,63680,20/05/2021 15:00,15:00:00,20,5,2021,25.6,18.9,67,S,7.4,0.0/3h,3h,4,4,0.6,10
207,63680,19/05/2021 09:00,09:00:00,19,5,2021,26.5,18.9,63,S,7.4,0.0/3h,3h,4,4,0.6,10
2111,63680,19/05/2021 06:00,06:00:00,19,5,2021,22.5,18.9,83,CAL,0,3.0/24h,24h,6,2,0.3,6
228,63680,18/05/2021 12:00,12:00:00,18,5,2021,26,18.9,67,W,7.4,0.0/6h,6h,4,4,0.6,10
237,63680,18/05/2021 09:00,09:00:00,18,5,2021,19,18.9,100,CAL,0,Tr/3h,3h,7,4,0.3,7
247,63680,18/05/2021 06:00,06:00:00,18,5,2021,23.5,18.9,80,CAL,0,0.1/24h,24h,4,4,0.6,5
257,63680,17/05/2021 15:00,15:00:00,17,5,2021,23.4,18.9,80,CAL,0,0.0/3h,3h,5,5,0.6,10
266,63680,16/05/2021 15:00,15:00:00,16,5,2021,24,18.9,73,CAL,0,0.0/3h,3h,6,3,0.6,10
275,63680,16/05/2021 12:00,12:00:00,16,5,2021,24.5,18.9,69,NE,11.1,0.0/6h,6h,6,6,0.6,10
285,63680,16/05/2021 09:00,09:00:00,16,5,2021,26.6,18.9,63,SSE,7.4,0.0/3h,3h,3,3,0.6,9
295,63680,16/05/2021 06:00,06:00:00,16,5,2021,20.5,18.9,96,CAL,0,0.1/24h,24h,4,2,0.3,5
305,63680,15/05/2021 12:00,12:00:00,15,5,2021,25.5,18.9,66,CAL,0,0.0/6h,6h,4,4,0.6,10
3110,63680,15/05/2021 09:00,09:00:00,15,5,2021,22.3,18.9,81,E,5.6,0.0/3h,3h,7,4,0.3,7
325,63680,15/05/2021 06:00,06:00:00,15,5,2021,19.5,18.9,100,CAL,0,2.0/24h,24h,7,5,0.3,5
335,63680,14/05/2021 09:00,09:00:00,14,5,2021,25.2,18.9,72,SSE,9.3,0.0/3h,3h,4,4,0.6,10
344,63680,14/05/2021 06:00,06:00:00,14,5,2021,22,18.9,87,CAL,0,0.0/24h,24h,4,4,0.6,8
354,63680,12/05/2021 15:00,15:00:00,12,5,2021,23,18.9,80,CAL,0,0.0/3h,3h,7,4,0.6,10
364,63680,12/05/2021 06:00,06:00:00,12,5,2021,19.2,18.9,98,CAL,0,46.0/24h,24h,7,5,0.3,5
374,63680,11/05/2021 12:00,12:00:00,11,5,2021,18.6,18.9,100,CAL,0,8.0/6h,6h,8,6,0.3,5
384,63680,11/05/2021 09:00,09:00:00,11,5,2021,23.6,18.9,74,CAL,0,0.0/3h,3h,6,6,0.6,9
394,63680,11/05/2021 06:00,06:00:00,11,5,2021,20,18.9,96,CAL,0,15.0/24h,24h,7,4,0.3,5
403,63680,10/05/2021 12:00,12:00:00,10,5,2021,18.5,18.9,100,CAL,0,14.0/6h,6h,8,6,0.3,5
419,63680,10/05/2021 09:00,09:00:00,10,5,2021,19.4,18.9,100,CAL,0,1.0/3h,3h,8,6,0.3,5
423,63680,10/05/2021 06:00,06:00:00,10,5,2021,20,18.9,96,CAL,0,3.0/24h,24h,7,5,0.3,7
433,63680,09/05/2021 15:00,15:00:00,9,5,2021,21,18.9,96,CAL,0,0.4/3h,3h,7,4,0.3,10
443,63680,08/05/2021 12:00,12:00:00,8,5,2021,19.5,18.9,100,CAL,0,8.0/6h,6h,8,6,0.6,9
453,63680,08/05/2021 09:00,09:00:00,8,5,2021,23,18.9,83,CAL,0,0.0/3h,3h,7,5,0.6,8
462,63680,08/05/2021 06:00,06:00:00,8,5,2021,20,18.9,96,CAL,0,0.3/24h,24h,7,5,0.3,6
471,63680,07/05/2021 12:00,12:00:00,7,5,2021,26,18.9,67,S,7.4,0.0/6h,6h,4,4,0.6,10
481,63680,06/05/2021 12:00,12:00:00,6,5,2021,24,18.9,76,W,14.8,0.0/6h,6h,5,5,0.6,10
491,63680,06/05/2021 06:00,06:00:00,6,5,2021,21,18.9,91,CAL,0,2.0/24h,24h,7,4,0.3,5
501,63680,04/05/2021 15:00,15:00:00,4,5,2021,24.4,18.9,73,SSE,7.4,0.0/3h,3h,6,4,0.6,10
514,63680,03/05/2021 12:00,12:00:00,3,5,2021,23.3,18.9,79,W,7.4,0.0/6h,6h,5,4,0.6,10
521,63680,03/05/2021 09:00,09:00:00,3,5,2021,19.8,18.9,93,WNW,5.6,15.0/3h,3h,7,5,0.3,9
531,63680,03/05/2021 06:00,06:00:00,3,5,2021,20,18.9,96,CAL,0,2.0/24h,24h,8,6,0.3,6
541,63680,02/05/2021 15:00,15:00:00,2,5,2021,25,18.9,71,S,5.6,0.0/3h,3h,6,2,0.6,10
551,63680,02/05/2021 12:00,12:00:00,2,5,2021,25.7,18.9,65,SSE,3.7,0.0/6h,6h,4,4,0.6,10
561,63680,02/05/2021 09:00,09:00:00,2,5,2021,23.5,18.9,80,CAL,0,2.0/24h,24h,7,4,0.6,10
571,63680,02/05/2021 06:00,06:00:00,2,5,2021,19,18.9,100,CAL,0,11.0/24h,24h,7,5,0.3,8
229,63680,30/04/2021 15:00,15:00:00,30,4,2021,26,18.9,67,S,7.4,0.0/3h,3h,4,4,0.6,10
326,63680,30/04/2021 12:00,12:00:00,30,4,2021,26,18.9,62,E,5.6,0.0/6h,6h,3,3,0.6,10
420,63680,30/04/2021 09:00,09:00:00,30,4,2021,25.5,18.9,66,W,9.3,0.0/3h,3h,2,2,0.6,10
515,63680,30/04/2021 06:00,06:00:00,30,4,2021,19,18.9,98,CAL,0,12.0/24h,24h,7,4,0.3,7
68,63680,29/04/2021 12:00,12:00:00,29,4,2021,26,18.9,63,S,11.1,0.0/6h,6h,4,4,0.6,10
78,63680,29/04/2021 09:00,09:00:00,29,4,2021,24.5,18.9,73,CAL,0,0.0/3h,3h,4,4,0.6,8
88,63680,29/04/2021 06:00,06:00:00,29,4,2021,18.4,18.9,100,W,7.4,6.0/24h,24h,7,5,0.3,6
98,63680,28/04/2021 09:00,09:00:00,28,4,2021,22.5,18.9,83,CAL,0,0.0/3h,3h,7,5,0.3,8
108,63680,27/04/2021 15:00,15:00:00,27,4,2021,26,18.9,62,CAL,0,0.0/3h,3h,2,2,0.6,10
118,63680,26/04/2021 15:00,15:00:00,26,4,2021,24.5,18.9,73,CAL,0,0.0/3h,3h,4,4,0.6,10
128,63680,26/04/2021 06:00,06:00:00,26,4,2021,20.5,18.9,91,CAL,0,4.0/24h,24h,5,3,0.3,5
138,63680,25/04/2021 12:00,12:00:00,25,4,2021,22,18.9,83,SW,3.7,0.3/6h,6h,6,2,0.3,10
148,63680,25/04/2021 09:00,09:00:00,25,4,2021,17.5,18.9,100,CAL,0,4.0/3h,3h,8,5,0.3,9
158,63680,25/04/2021 06:00,06:00:00,25,4,2021,18,18.9,100,CAL,0,16.0/24h,24h,8,6,0.3,9
168,63680,24/04/2021 12:00,12:00:00,24,4,2021,27.4,18.9,59,CAL,0,0.0/6h,6h,4,4,0.6,10
178,63680,24/04/2021 09:00,09:00:00,24,4,2021,25,18.9,69,SSE,7.4,0.0/3h,3h,7,4,0.6,9
188,63680,24/04/2021 06:00,06:00:00,24,4,2021,20.5,18.9,96,CAL,0,2.0/24h,24h,7,5,0.3,6
198,63680,20/04/2021 12:00,12:00:00,20,4,2021,26,18.9,70,S,11.1,0.0/6h,6h,5,NA,0.6,10
208,63680,20/04/2021 09:00,09:00:00,20,4,2021,23.8,18.9,81,W,3.7,0.0/3h,3h,7,5,0.6,10
2112,63680,20/04/2021 06:00,06:00:00,20,4,2021,20.5,18.9,96,CAL,0,0.7/24h,24h,7,4,0.3,8
2210,63680,18/04/2021 15:00,15:00:00,18,4,2021,25.4,18.9,67,CAL,0,0.0/3h,3h,2,2,0.6,10
238,63680,18/04/2021 12:00,12:00:00,18,4,2021,27.2,18.9,62,WSW,7.4,0.0/6h,6h,4,4,0.6,10
248,63680,18/04/2021 09:00,09:00:00,18,4,2021,25,18.9,69,S,11.1,0.0/3h,3h,6,4,0.6,9
258,63680,18/04/2021 06:00,06:00:00,18,4,2021,19.4,18.9,100,CAL,0,0.6/24h,24h,8,5,0.3,6
267,63680,17/04/2021 15:00,15:00:00,17,4,2021,26.5,18.9,63,SSE,7.4,0.0/3h,3h,2,2,0.6,10
276,63680,17/04/2021 12:00,12:00:00,17,4,2021,27.5,18.9,64,SSE,3.7,0.0/6h,6h,2,2,0.6,10
286,63680,17/04/2021 09:00,09:00:00,17,4,2021,26.4,18.9,63,S,7.4,0.0/3h,3h,4,4,0.6,10
296,63680,17/04/2021 06:00,06:00:00,17,4,2021,20.4,18.9,93,CAL,0,12.0/24h,24h,7,4,0.3,7
306,63680,16/04/2021 12:00,12:00:00,16,4,2021,23,18.9,83,CAL,0,7.0/6h,6h,5,5,0.3,10
3111,63680,16/04/2021 09:00,09:00:00,16,4,2021,25.5,18.9,70,S,7.4,0.0/3h,3h,7,5,0.6,9
327,63680,15/04/2021 15:00,15:00:00,15,4,2021,22,18.9,87,S,7.4,0.1/3h,3h,7,5,0.3,9
336,63680,14/04/2021 15:00,15:00:00,14,4,2021,24.2,18.9,75,SSE,7.4,0.0/3h,3h,5,5,0.6,10
345,63680,14/04/2021 12:00,12:00:00,14,4,2021,27.5,18.9,58,S,3.7,0.0/6h,6h,6,6,0.6,10
355,63680,14/04/2021 09:00,09:00:00,14,4,2021,26.2,18.9,60,S,9.3,0.0/3h,3h,4,4,0.6,10
365,63680,14/04/2021 06:00,06:00:00,14,4,2021,20.5,18.9,91,CAL,0,0.4/24h,24h,6,4,0.3,5
375,63680,13/04/2021 12:00,12:00:00,13,4,2021,24,18.9,69,W,9.3,0.0/6h,6h,5,4,0.6,10
385,63680,13/04/2021 09:00,09:00:00,13,4,2021,21.4,18.9,84,WNW,7.4,NA,NA,7,4,0.3,10
395,63680,13/04/2021 06:00,06:00:00,13,4,2021,18,18.9,100,CAL,0,59.0/24h,24h,8,5,0.3,6
404,63680,12/04/2021 12:00,12:00:00,12,4,2021,27.2,18.9,59,E,9.3,0.0/6h,6h,4,4,0.6,10
4110,63680,12/04/2021 09:00,09:00:00,12,4,2021,27,18.9,64,S,11.1,0.0/3h,3h,4,4,0.6,10
424,63680,12/04/2021 06:00,06:00:00,12,4,2021,21.8,18.9,82,CAL,0,Tr/24h,24h,6,4,0.3,9
434,63680,11/04/2021 15:00,15:00:00,11,4,2021,26,18.9,65,SSE,7.4,0.0/3h,3h,3,3,0.6,20
444,63680,10/04/2021 15:00,15:00:00,10,4,2021,26,18.9,63,S,7.4,0.0/3h,3h,4,2,0.6,10
454,63680,10/04/2021 06:00,06:00:00,10,4,2021,22.2,18.9,82,CAL,0,0.0/24h,24h,6,4,0.3,8
463,63680,09/04/2021 15:00,15:00:00,9,4,2021,26,18.9,65,S,7.4,0.0/3h,3h,4,2,0.6,20
472,63680,09/04/2021 12:00,12:00:00,9,4,2021,27.5,18.9,61,S,11.1,0.0/6h,6h,4,4,0.6,20
482,63680,09/04/2021 09:00,09:00:00,9,4,2021,26.4,18.9,65,S,9.3,0.0/3h,3h,4,4,0.6,10
492,63680,09/04/2021 06:00,06:00:00,9,4,2021,25,18.9,69,SSE,21.6,0.0/24h,24h,2,2,0.6,9
502,63680,08/04/2021 12:00,12:00:00,8,4,2021,28.5,18.9,56,S,11.1,0.0/6h,6h,3,3,0.6,10
516,63680,08/04/2021 09:00,09:00:00,8,4,2021,27.5,18.9,55,S,3.7,0.0/3h,3h,2,2,0.6,10
522,63680,08/04/2021 06:00,06:00:00,8,4,2021,23,18.9,80,S,5.6,0.0/24h,24h,5,2,0.6,9
532,63680,07/04/2021 12:00,12:00:00,7,4,2021,28.2,18.9,56,S,7.4,0.0/6h,6h,3,3,0.6,10
542,63680,07/04/2021 09:00,09:00:00,7,4,2021,27,18.9,60,SSE,7.4,0.0/3h,3h,4,4,0.6,10
552,63680,06/04/2021 09:00,09:00:00,6,4,2021,25,18.9,69,S,9.3,0.0/3h,3h,7,4,0.6,10
562,63680,06/04/2021 06:00,06:00:00,6,4,2021,19.5,18.9,96,CAL,0,4.0/24h,24h,7,4,0.3,8
572,63680,05/04/2021 12:00,12:00:00,5,4,2021,27,18.9,62,S,11.1,0.0/6h,6h,5,5,0.6,10
581,63680,05/04/2021 09:00,09:00:00,5,4,2021,26.5,18.9,63,S,9.3,0.0/3h,3h,4,4,0.6,10
591,63680,05/04/2021 06:00,06:00:00,5,4,2021,21.5,18.9,87,SSE,7.2,0.0/24h,24h,7,4,0.3,8
60,63680,04/04/2021 09:00,09:00:00,4,4,2021,24,18.9,76,SSE,7.4,0.0/3h,3h,6,4,0.6,10
611,63680,04/04/2021 06:00,06:00:00,4,4,2021,20,18.9,100,CAL,0,1.0/24h,24h,8,6,0.3,9
621,63680,03/04/2021 09:00,09:00:00,3,4,2021,26,18.9,67,W,7.4,0.0/3h,3h,4,4,0.6,10
631,63680,03/04/2021 06:00,06:00:00,3,4,2021,22,18.9,83,WSW,7.4,1.0/24h,24h,2,2,0.3,5
641,63680,02/04/2021 09:00,09:00:00,2,4,2021,19.5,18.9,96,CAL,0,1.0/3h,3h,8,5,0.3,10
651,63680,01/04/2021 12:00,12:00:00,1,4,2021,26.5,18.9,67,CAL,0,0.0/6h,6h,2,2,0.6,10
661,63680,01/04/2021 09:00,09:00:00,1,4,2021,26,18.9,70,W,5.6,0.0/3h,3h,2,2,0.6,10
671,63680,01/04/2021 06:00,06:00:00,1,4,2021,21.5,18.9,91,CAL,0,0.0/24h,24h,6,3,0.3,7
230,63680,31/03/2021 15:00,15:00:00,31,3,2021,24,18.9,76,CAL,0,0.0/3h,3h,6,5,0.6,10
328,63680,31/03/2021 12:00,12:00:00,31,3,2021,25.2,18.9,72,S,7.4,0.0/6h,6h,7,4,0.3,10
425,63680,31/03/2021 09:00,09:00:00,31,3,2021,23.5,18.9,80,SE,11.1,0.0/3h,3h,6,6,0.6,10
517,63680,31/03/2021 06:00,06:00:00,31,3,2021,20,18.9,98,CAL,0,0.0/24h,24h,8,6,0.3,4
69,63680,30/03/2021 15:00,15:00:00,30,3,2021,24,18.9,72,WNW,7.4,0.0/3h,3h,6,3,0.6,10
79,63680,29/03/2021 06:00,06:00:00,29,3,2021,17.5,18.9,100,CAL,0,22.0/24h,24h,8,6,0.3,7
89,63680,28/03/2021 12:00,12:00:00,28,3,2021,23.4,18.9,80,CAL,0,2.0/6h,6h,7,5,0.3,8
99,63680,28/03/2021 06:00,06:00:00,28,3,2021,22.4,18.9,84,CAL,0,0.0/24h,24h,6,2,0.3,3
109,63680,27/03/2021 09:00,09:00:00,27,3,2021,25.2,18.9,59,CAL,0,0.0/3h,3h,7,4,0.6,10
119,63680,25/03/2021 15:00,15:00:00,25,3,2021,27,18.9,59,S,7.4,0.0/3h,3h,6,2,0.6,10
129,63680,24/03/2021 12:00,12:00:00,24,3,2021,27,18.9,60,S,9.3,0.0/6h,6h,2,2,0.6,10
139,63680,24/03/2021 09:00,09:00:00,24,3,2021,27,18.9,59,E,11.1,0.0/3h,3h,4,4,0.6,10
149,63680,24/03/2021 06:00,06:00:00,24,3,2021,21.6,18.9,88,CAL,0,15.0/24h,24h,2,2,0.3,4
159,63680,23/03/2021 15:00,15:00:00,23,3,2021,18,18.9,95,S,5.6,0.0/3h,3h,7,5,0.6,10
169,63680,23/03/2021 09:00,09:00:00,23,3,2021,26,18.9,70,S,3.7,0.0/3h,3h,6,6,0.6,8
179,63680,23/03/2021 06:00,06:00:00,23,3,2021,22,18.9,85,CAL,0,3.0/24h,24h,7,3,0.3,5
189,63680,21/03/2021 15:00,15:00:00,21,3,2021,21,18.9,93,CAL,0,0.5/3h,3h,7,4,0.3,10
199,63680,21/03/2021 12:00,12:00:00,21,3,2021,20.4,18.9,93,CAL,0,20.0/6h,6h,7,5,0.3,9
209,63680,21/03/2021 09:00,09:00:00,21,3,2021,27.4,18.9,60,SSE,14.8,0.0/3h,3h,5,5,0.6,9
2113,63680,21/03/2021 06:00,06:00:00,21,3,2021,22,18.9,87,CAL,0,3.0/24h,24h,4,2,0.3,6
2211,63680,20/03/2021 15:00,15:00:00,20,3,2021,27,18.9,58,S,7.4,0.0/3h,3h,3,3,0.6,20
239,63680,20/03/2021 12:00,12:00:00,20,3,2021,28.4,18.9,56,S,11.1,0.0/6h,6h,5,5,0.6,10
249,63680,20/03/2021 09:00,09:00:00,20,3,2021,27.5,18.9,58,SSE,11.1,0.0/3h,3h,3,3,0.6,10
259,63680,20/03/2021 06:00,06:00:00,20,3,2021,20.5,18.9,91,CAL,0,17.0/24h,24h,6,4,0.3,6
268,63680,19/03/2021 15:00,15:00:00,19,3,2021,24.5,18.9,73,SSE,7.4,0.0/3h,3h,6,2,0.6,10
277,63680,19/03/2021 12:00,12:00:00,19,3,2021,20.2,18.9,98,S,3.7,15.0/6h,6h,7,5,0.3,9
287,63680,19/03/2021 09:00,09:00:00,19,3,2021,27.4,18.9,56,S,5.6,0.0/3h,3h,4,4,0.6,9
297,63680,19/03/2021 06:00,06:00:00,19,3,2021,20.5,18.9,91,CAL,0,Tr/24h,24h,7,5,0.3,7
307,63680,17/03/2021 15:00,15:00:00,17,3,2021,24.5,18.9,73,SSE,7.4,0.0/3h,3h,6,2,0.6,10
3112,63680,16/03/2021 12:00,12:00:00,16,3,2021,23,18.9,76,W,9.3,0.0/6h,6h,5,5,0.6,9
329,63680,16/03/2021 09:00,09:00:00,16,3,2021,28,18.9,56,S,14.8,0.0/3h,3h,2,2,0.6,7
337,63680,16/03/2021 06:00,06:00:00,16,3,2021,21,18.9,87,CAL,0,0.5/24h,24h,5,5,0.3,4
346,63680,13/03/2021 06:00,06:00:00,13,3,2021,23,18.9,83,CAL,0,0.0/24h,24h,6,2,0.6,4
356,63680,12/03/2021 15:00,15:00:00,12,3,2021,27.6,18.9,55,S,7.4,0.0/3h,3h,2,2,0.6,20
366,63680,12/03/2021 12:00,12:00:00,12,3,2021,29.5,18.9,51,S,7.4,0.0/6h,6h,2,2,0.6,10
376,63680,11/03/2021 15:00,15:00:00,11,3,2021,28,18.9,56,S,7.4,0.0/3h,3h,2,2,0.6,10
386,63680,11/03/2021 12:00,12:00:00,11,3,2021,28.8,18.9,56,S,3.7,0.0/6h,6h,2,2,0.6,10
396,63680,11/03/2021 06:00,06:00:00,11,3,2021,23.4,18.9,80,SW,7.4,0.0/24h,24h,2,2,0.6,6
405,63680,09/03/2021 15:00,15:00:00,9,3,2021,24.5,18.9,73,S,7.4,0.0/3h,3h,2,2,0.6,10
4111,63680,08/03/2021 15:00,15:00:00,8,3,2021,21,18.9,91,CAL,0,14.0/3h,3h,7,4,0.3,10
426,63680,08/03/2021 12:00,12:00:00,8,3,2021,22.3,18.9,74,E,14.8,0.5/6h,6h,8,5,0.3,8
435,63680,08/03/2021 09:00,09:00:00,8,3,2021,26,18.9,62,W,9.3,0.0/3h,3h,3,3,0.6,8
445,63680,08/03/2021 06:00,06:00:00,8,3,2021,21,18.9,83,WNW,7.4,0.0/24h,24h,2,2,0.3,5
455,63680,07/03/2021 12:00,12:00:00,7,3,2021,28.2,18.9,58,S,11.1,0.0/6h,6h,3,3,0.6,10
464,63680,07/03/2021 09:00,09:00:00,7,3,2021,27,18.9,62,S,7.4,0.0/3h,3h,3,3,0.6,10
473,63680,07/03/2021 06:00,06:00:00,7,3,2021,23.2,18.9,82,S,21.6,0.0/24h,24h,6,4,0.3,6
483,63680,05/03/2021 15:00,15:00:00,5,3,2021,26.5,18.9,63,SSE,7.4,0.0/3h,3h,5,2,0.6,10
493,63680,05/03/2021 12:00,12:00:00,5,3,2021,26.5,18.9,67,S,9.3,0.0/6h,6h,5,NA,0.6,10
503,63680,05/03/2021 09:00,09:00:00,5,3,2021,26.4,18.9,67,W,7.4,0.0/3h,3h,3,3,0.6,9
518,63680,05/03/2021 06:00,06:00:00,5,3,2021,21.8,18.9,89,CAL,0,0.0/24h,24h,7,4,0.3,5
523,63680,04/03/2021 12:00,12:00:00,4,3,2021,25.5,18.9,66,W,9.3,0.0/6h,6h,5,5,0.6,10
533,63680,04/03/2021 09:00,09:00:00,4,3,2021,26.2,18.9,62,S,5.6,0.0/3h,3h,4,4,0.6,8
543,63680,04/03/2021 06:00,06:00:00,4,3,2021,21.6,18.9,91,CAL,0,0.0/24h,24h,7,4,0.3,6
553,63680,03/03/2021 12:00,12:00:00,3,3,2021,29.4,18.9,49,SSE,7.4,0.0/6h,6h,4,4,0.6,10
563,63680,03/03/2021 09:00,09:00:00,3,3,2021,27,18.9,62,WSW,3.7,0.0/3h,3h,2,2,0.6,7
573,63680,03/03/2021 06:00,06:00:00,3,3,2021,22.5,18.9,87,S,3.7,0.0/24h,24h,7,4,0.3,5
582,63680,02/03/2021 15:00,15:00:00,2,3,2021,27.5,18.9,60,S,7.4,0.0/3h,3h,2,2,0.6,10
592,63680,01/03/2021 15:00,15:00:00,1,3,2021,27.5,18.9,58,CAL,0,0.0/3h,3h,2,2,0.6,10
601,63680,01/03/2021 12:00,12:00:00,1,3,2021,29,18.9,53,S,13,0.0/6h,6h,2,2,0.6,10
240,63680,28/02/2021 12:00,12:00:00,28,2,2021,28.5,18.9,56,E,7.4,0.0/6h,6h,4,4,0.6,7
330,63680,28/02/2021 09:00,09:00:00,28,2,2021,27.6,18.9,55,WNW,3.7,0.0/3h,3h,2,2,0.6,5
427,63680,28/02/2021 06:00,06:00:00,28,2,2021,21.8,18.9,86,CAL,0,0.0/24h,24h,4,0,2.5,3
519,63680,27/02/2021 15:00,15:00:00,27,2,2021,27,18.9,61,S,7.4,0.0/3h,3h,6,2,0.6,9
610,63680,27/02/2021 12:00,12:00:00,27,2,2021,29,18.9,46,CAL,0,0.0/6h,6h,4,4,0.6,6
710,63680,27/02/2021 09:00,09:00:00,27,2,2021,28,18.9,54,WNW,3.7,0.0/3h,3h,2,2,0.6,5
810,63680,27/02/2021 06:00,06:00:00,27,2,2021,21.6,18.9,83,CAL,0,0.0/24h,24h,0,0,NA,3
910,63680,25/02/2021 12:00,12:00:00,25,2,2021,23.2,18.9,78,CAL,0,0.0/6h,6h,7,5,0.3,7
1010,63680,24/02/2021 12:00,12:00:00,24,2,2021,27.4,18.9,51,NW,11.1,0.0/6h,6h,7,2,0.6,7
1110,63680,22/02/2021 12:00,12:00:00,22,2,2021,23.5,18.9,77,S,5.6,0.0/6h,6h,8,4,0.6,6
1210,63680,21/02/2021 15:00,15:00:00,21,2,2021,27,18.9,55,CAL,0,0.0/3h,3h,5,0,2.5,4
1310,63680,20/02/2021 12:00,12:00:00,20,2,2021,27,18.9,46,CAL,0,0.0/6h,6h,5,0,2.5,4
1410,63680,20/02/2021 09:00,09:00:00,20,2,2021,26,18.9,47,E,14.8,0.0/3h,3h,5,0,2.5,3
1510,63680,20/02/2021 06:00,06:00:00,20,2,2021,19.5,18.9,79,CAL,0,0.0/24h,24h,6,0,2.5,3
1610,63680,19/02/2021 15:00,15:00:00,19,2,2021,24.2,18.9,69,CAL,0,0.0/3h,3h,6,2,0.6,4
1710,63680,19/02/2021 09:00,09:00:00,19,2,2021,25,18.9,69,NW,11.1,0.0/3h,3h,4,4,0.6,7
1810,63680,19/02/2021 06:00,06:00:00,19,2,2021,20.5,18.9,91,NNE,14.4,8.0/24h,24h,6,4,0.3,5
1910,63680,17/02/2021 15:00,15:00:00,17,2,2021,26.2,18.9,62,SSE,7.4,0.0/3h,3h,2,2,0.6,10
2010,63680,17/02/2021 12:00,12:00:00,17,2,2021,28,18.9,53,SSE,7.4,0.0/6h,6h,2,2,0.6,10
2114,63680,17/02/2021 09:00,09:00:00,17,2,2021,27.5,18.9,61,S,3.7,0.0/3h,3h,2,2,0.6,9
2212,63680,16/02/2021 12:00,12:00:00,16,2,2021,26,18.9,67,S,13,0.0/6h,6h,2,2,0.6,10
2310,63680,15/02/2021 12:00,12:00:00,15,2,2021,28,18.9,58,SSE,14.8,0.0/6h,6h,4,4,0.6,10
2410,63680,15/02/2021 09:00,09:00:00,15,2,2021,27.8,18.9,57,S,7.4,0.0/3h,3h,2,2,0.6,9
2510,63680,15/02/2021 06:00,06:00:00,15,2,2021,22,18.9,87,CAL,0,0.0/24h,24h,6,2,0.3,3
269,63680,14/02/2021 12:00,12:00:00,14,2,2021,27.2,18.9,57,S,11.1,0.0/6h,6h,6,2,0.6,10
278,63680,14/02/2021 09:00,09:00:00,14,2,2021,26.2,18.9,68,SSE,7.4,0.0/3h,3h,7,3,0.6,9
288,63680,14/02/2021 06:00,06:00:00,14,2,2021,21.5,18.9,91,CAL,0,1.0/24h,24h,7,2,0.3,3
298,63680,13/02/2021 15:00,15:00:00,13,2,2021,23.6,18.9,75,CAL,0,0.0/3h,3h,7,4,0.3,8
308,63680,12/02/2021 12:00,12:00:00,12,2,2021,23.5,18.9,76,S,7.4,0.0/6h,6h,7,5,0.6,7
3113,63680,12/02/2021 06:00,06:00:00,12,2,2021,22,18.9,91,S,5.6,12.0/24h,24h,7,4,0.3,3
3210,63680,11/02/2021 15:00,15:00:00,11,2,2021,21.4,18.9,89,E,5.6,3.0/3h,3h,7,4,0.3,5
338,63680,11/02/2021 12:00,12:00:00,11,2,2021,24.5,18.9,76,CAL,0,0.0/6h,6h,4,4,0.6,4
347,63680,11/02/2021 06:00,06:00:00,11,2,2021,21,18.9,96,CAL,0,12.0/24h,24h,7,4,0.3,3
357,63680,08/02/2021 12:00,12:00:00,8,2,2021,28,18.9,29,N,13,0.0/6h,6h,9,0,2.5,6
367,63680,08/02/2021 09:00,09:00:00,8,2,2021,25,18.9,45,W,11.1,0.0/3h,3h,9,0,2.5,4
377,63680,08/02/2021 06:00,06:00:00,8,2,2021,21,18.9,69,NE,7.2,0.0/24h,24h,9,0,2.5,3
387,63680,07/02/2021 12:00,12:00:00,7,2,2021,27,18.9,41,WNW,5.6,0.0/6h,6h,7,0,2.5,5
397,63680,07/02/2021 09:00,09:00:00,7,2,2021,23.5,18.9,54,NE,5.6,0.0/3h,3h,6,0,2.5,4
406,63680,07/02/2021 06:00,06:00:00,7,2,2021,20.4,18.9,74,CAL,0,0.0/24h,24h,7,3,0.3,3
4112,63680,04/02/2021 12:00,12:00:00,4,2,2021,27.9,18.9,59,SSE,7.4,0.0/6h,6h,2,2,0.6,10
428,63680,04/02/2021 09:00,09:00:00,4,2,2021,26,18.9,70,E,5.6,0.0/3h,3h,2,2,0.6,10
436,63680,04/02/2021 06:00,06:00:00,4,2,2021,21.5,18.9,89,SSE,9.3,0.0/24h,24h,6,4,0.3,7
446,63680,03/02/2021 15:00,15:00:00,3,2,2021,25,18.9,69,SSE,7.4,0.0/3h,3h,4,4,0.6,10
456,63680,03/02/2021 12:00,12:00:00,3,2,2021,27.8,18.9,53,SSE,5.6,0.0/6h,6h,5,5,0.6,10
465,63680,03/02/2021 09:00,09:00:00,3,2,2021,28.5,18.9,58,SSE,7.4,0.0/3h,3h,4,4,0.6,9
474,63680,03/02/2021 06:00,06:00:00,3,2,2021,21.3,18.9,89,CAL,0,0.0/24h,24h,4,0,2.5,3
484,63680,01/02/2021 12:00,12:00:00,1,2,2021,29.1,18.9,46,SSE,7.4,0.0/6h,6h,2,2,0.6,10
250,63680,31/01/2021 09:00,09:00:00,31,1,2021,26.6,18.9,62,NW,7.4,0.0/3h,3h,4,4,0.6,8
339,63680,30/01/2021 15:00,15:00:00,30,1,2021,24.4,18.9,70,CAL,0,0.0/3h,3h,6,2,0.6,10
429,63680,27/01/2021 12:00,12:00:00,27,1,2021,28,18.9,58,SSE,9.3,0.0/6h,6h,3,3,0.6,10
520,63680,27/01/2021 09:00,09:00:00,27,1,2021,27.5,18.9,60,SSE,14.8,0.0/3h,3h,5,5,0.6,10
612,63680,27/01/2021 06:00,06:00:00,27,1,2021,20,18.9,91,CAL,0,0.0/24h,24h,2,NA,0.3,3
711,63680,08/01/2021 06:00,06:00:00,8,1,2021,21,18.9,91,CAL,0,0.0/24h,24h,4,4,0.3,4
811,63680,04/01/2021 15:00,15:00:00,4,1,2021,24.6,18.9,72,SSE,7.4,0.0/3h,3h,3,3,0.6,10
911,63680,04/01/2021 06:00,06:00:00,4,1,2021,26.2,18.9,65,SW,11.1,0.0/24h,24h,4,4,0.6,10
1011,63680,03/01/2021 15:00,15:00:00,3,1,2021,24.4,18.9,72,S,7.4,0.0/3h,3h,4,4,0.6,20
1111,63680,03/01/2021 12:00,12:00:00,3,1,2021,26.2,18.9,65,SW,11.1,0.0/6h,6h,4,4,0.6,10
1211,63680,03/01/2021 09:00,09:00:00,3,1,2021,24.5,18.9,76,W,7.4,0.0/3h,3h,6,4,0.6,10
1311,63680,02/01/2021 09:00,09:00:00,2,1,2021,22,18.9,83,CAL,0,0.0/3h,3h,7,5,0.3,9
1411,63680,02/01/2021 06:00,06:00:00,2,1,2021,20,18.9,91,CAL,0,14.0/24h,24h,7,4,0.3,4
1511,63680,01/01/2021 09:00,09:00:00,1,1,2021,23,18.9,80,WSW,7.4,0.0/3h,3h,8,4,0.3,10
